Data,Zamkniecie
2018-11-24,3880.76
2018-11-25,4009.97
2018-11-26,3779.13
2018-11-27,3820.72
2018-11-28,4257.42
2018-11-29,4278.84645524
2018-11-30,4017.26845712
2018-12-01,4214.67193177
2018-12-02,4139.8780641
2018-12-03,3894.1309069
2018-12-04,3956.89386975
2018-12-05,3753.99482663
2018-12-06,3521.10172384
2018-12-07,3419.93720035
2018-12-08,3476.11471452
2018-12-09,3614.23427278
2018-12-10,3502.65599577
2018-12-11,3424.58807495
2018-12-12,3486.95014412
2018-12-13,3313.67725772
2018-12-14,3242.48476281
2018-12-15,3236.76164502
2018-12-16,3252.83902595
2018-12-17,3545.86476058
2018-12-18,3696.05912776
2018-12-19,3745.95076478
2018-12-20,4134.44120304
2018-12-21,3896.54371704
2018-12-22,4014.18251388
2018-12-23,3998.98034184
2018-12-24,4078.59919478
2018-12-25,3815.49060966
2018-12-26,3857.29751969
2018-12-27,3654.83353854
2018-12-28,3923.91859424
2018-12-29,3820.40868219
2018-12-30,3865.95257679
2018-12-31,3742.70033544
2019-01-01,3843.51996727
2019-01-02,3943.40933686
2019-01-03,3836.74131867
2019-01-04,3857.71761887
2019-01-05,3845.19446017
2019-01-06,4076.63268458
2019-01-07,4025.24828708
2019-01-08,4030.84799935
2019-01-09,4035.29636921
2019-01-10,3678.92468128
2019-01-11,3687.3654818
2019-01-12,3661.30098975
2019-01-13,3552.95306759
2019-01-14,3706.05222041
2019-01-15,3630.67522467
2019-01-16,3655.00688578
2019-01-17,3678.56397636
2019-01-18,3657.83943502
2019-01-19,3728.56836493
2019-01-20,3601.0135915
2019-01-21,3576.03243928
2019-01-22,3604.57705248
2019-01-23,3585.12306636
2019-01-24,3600.86550122
2019-01-25,3599.7658879
2019-01-26,3602.46043861
2019-01-27,3583.96576317
2019-01-28,3470.45054223
2019-01-29,3448.11702209
2019-01-30,3486.18175093
2019-01-31,3457.79274724
2019-02-01,3487.94538683
2019-02-02,3521.06078726
2019-02-03,3464.01332586
2019-02-04,3459.15414635
2019-02-05,3466.35743916
2019-02-06,3413.7677183
2019-02-07,3399.47164359
2019-02-08,3666.78035061
2019-02-09,3671.20370545
2019-02-10,3690.18824383
2019-02-11,3648.43062774
2019-02-12,3653.52864497
2019-02-13,3632.07060268
2019-02-14,3616.88097021
2019-02-15,3620.81075285
2019-02-16,3629.78749138
2019-02-17,3673.83629289
2019-02-18,3915.71447331
2019-02-19,3947.09440657
2019-02-20,3999.82050882
2019-02-21,3954.1182433
2019-02-22,4005.52660406
2019-02-23,4142.52692999
2019-02-24,3810.42743065
2019-02-25,3882.69629339
2019-02-26,3854.35793575
2019-02-27,3851.04747978
2019-02-28,3854.78528208
2019-03-01,3859.58375221
2019-03-02,3864.41510673
2019-03-03,3847.17569934
2019-03-04,3761.55701842
2019-03-05,3896.37502308
2019-03-06,3903.9425832
2019-03-07,3911.4842891
2019-03-08,3901.13162355
2019-03-09,3963.31374243
2019-03-10,3951.59982769
2019-03-11,3905.22731979
2019-03-12,3909.15620907
2019-03-13,3906.71716859
2019-03-14,3924.369118
2019-03-15,3960.91118728
2019-03-16,4048.72590374
2019-03-17,4025.22897966
2019-03-18,4032.50738522
2019-03-19,4071.19020004
2019-03-20,4087.47629856
2019-03-21,4029.32690706
2019-03-22,4023.96816173
2019-03-23,4035.82635079
2019-03-24,4022.1682822
2019-03-25,3963.07065416
2019-03-26,3985.08080287
2019-03-27,4087.06622992
2019-03-28,4069.10714977
2019-03-29,4098.37454059
2019-03-30,4106.66008466
2019-03-31,4105.40429618
2019-04-01,4158.18307045
2019-04-02,4879.87782845
2019-04-03,4973.02181522
2019-04-04,4922.79878778
2019-04-05,5036.68110011
2019-04-06,5059.81718799
2019-04-07,5198.89699014
2019-04-08,5289.77104039
2019-04-09,5204.95837847
2019-04-10,5324.5518687
2019-04-11,5064.48767243
2019-04-12,5089.53891201
2019-04-13,5096.58656276
2019-04-14,5167.72236684
2019-04-15,5067.10847228
2019-04-16,5235.55941893
2019-04-17,5251.93818854
2019-04-18,5298.38569881
2019-04-19,5303.81261613
2019-04-20,5337.8861323
2019-04-21,5314.5314532
2019-04-22,5399.36541009
2019-04-23,5572.36206051
2019-04-24,5464.86664182
2019-04-25,5210.51555862
2019-04-26,5279.34821147
2019-04-27,5268.29106346
2019-04-28,5285.13900822
2019-04-29,5247.35253746
2019-04-30,5350.72669668
2019-05-01,5402.69709069
2019-05-02,5505.28367176
2019-05-03,5768.28940693
2019-05-04,5831.16747167
2019-05-05,5795.70842926
2019-05-06,5746.80700343
2019-05-07,5829.50151628
2019-05-08,5982.45732286
2019-05-09,6174.52868876
2019-05-10,6378.8489737
2019-05-11,7204.77169716
2019-05-12,6972.37152291
2019-05-13,7814.91513992
2019-05-14,7994.41615632
2019-05-15,8205.16749484
2019-05-16,7884.90929094
2019-05-17,7343.89571659
2019-05-18,7271.20790408
2019-05-19,8197.68969114
2019-05-20,7978.30907244
2019-05-21,7963.32777911
2019-05-22,7680.06654589
2019-05-23,7881.84672105
2019-05-24,7987.37156583
2019-05-25,8052.54385907
2019-05-26,8673.21603511
2019-05-27,8805.7783766
2019-05-28,8719.9617362
2019-05-29,8659.48775584
2019-05-30,8319.47222898
2019-05-31,8574.50164907
2019-06-01,8564.01647182
2019-06-02,8742.95810038
2019-06-03,8208.99482964
2019-06-04,7707.77077085
2019-06-05,7824.23153913
2019-06-06,7822.02338228
2019-06-07,8043.95135807
2019-06-08,7954.12772355
2019-06-09,7688.07711075
2019-06-10,8000.32982299
2019-06-11,7927.71435114
2019-06-12,8145.85747373
2019-06-13,8230.92383068
2019-06-14,8693.83281543
2019-06-15,8838.37523367
2019-06-16,8994.48801293
2019-06-17,9320.35218253
2019-06-18,9081.76285149
2019-06-19,9273.52176614
2019-06-20,9527.16035008
2019-06-21,10144.5567168
2019-06-22,10701.691013
2019-06-23,10855.3710156
2019-06-24,11011.1024485
2019-06-25,11790.916533
2019-06-26,13016.2317442
2019-06-27,11182.8062855
2019-06-28,12407.331998
2019-06-29,11959.3709764
2019-06-30,10817.1555981
2019-07-01,10583.1345195
2019-07-02,10801.6779238
2019-07-03,11961.2693412
2019-07-04,11215.4375483
2019-07-05,10978.4599518
2019-07-06,11208.5508454
2019-07-07,11450.8467553
2019-07-08,12285.958217
2019-07-09,12573.8129407
2019-07-10,12156.5126313
2019-07-11,11358.661752
2019-07-12,11815.9866867
2019-07-13,11392.3793357
2019-07-14,10256.0582756
2019-07-15,10895.0893874
2019-07-16,9477.64204235
2019-07-17,9693.80272448
2019-07-18,10666.4828491
2019-07-19,10530.7326264
2019-07-20,10767.1395226
2019-07-21,10599.1053965
2019-07-22,10343.1061684
2019-07-23,9900.76801058
2019-07-24,9811.92618837
2019-07-25,9911.84226491
2019-07-26,9870.30353766
2019-07-27,9477.67767811
2019-07-28,9552.86043541
2019-07-29,9519.14591371
2019-07-30,9607.42368665
2019-07-31,10085.6277491
2019-08-01,10399.6694229
2019-08-02,10518.1746772
2019-08-03,10821.7265103
2019-08-04,10970.1842157
2019-08-05,11805.6537253
2019-08-06,11478.1693461
2019-08-07,11941.9683406
2019-08-08,11966.407405
2019-08-09,11862.93676
2019-08-10,11354.0242177
2019-08-11,11523.5793784
2019-08-12,11382.6159562
2019-08-13,10895.8304358
2019-08-14,10051.7039313
2019-08-15,10311.545429
2019-08-16,10374.3393471
2019-08-17,10231.7438454
2019-08-18,10345.8103795
2019-08-19,10916.0538702
2019-08-20,10763.2326304
2019-08-21,10138.049355
2019-08-22,10131.0561021
2019-08-23,10407.965329
2019-08-24,10159.9605385
2019-08-25,10138.517665
2019-08-26,10370.8201605
2019-08-27,10185.4998997
2019-08-28,9754.42327325
2019-08-29,9510.20054413
2019-08-30,9598.17364826
2019-08-31,9630.66384768
2019-09-01,9757.97031807
2019-09-02,10346.7607927
2019-09-03,10623.5401172
2019-09-04,10594.4933536
2019-09-05,10575.533284
2019-09-06,10353.3025592
2019-09-07,10517.254784
2019-09-08,10441.275979
2019-09-09,10334.9741628
2019-09-10,10115.9757913
2019-09-11,10178.3718893
2019-09-12,10410.1268031
2019-09-13,10360.5472773
2019-09-14,10358.0491621
2019-09-15,10347.7129074
2019-09-16,10276.7935649
2019-09-17,10241.2721545
2019-09-18,10198.2484072
2019-09-19,10266.4149694
2019-09-20,10181.6413094
2019-09-21,10019.7169101
2019-09-22,10070.3921064
2019-09-23,9729.32376435
2019-09-24,8620.56642733
2019-09-25,8486.99297206
2019-09-26,8118.96756783
2019-09-27,8251.84555744
2019-09-28,8245.91515478
2019-09-29,8104.18567564
2019-09-30,8293.86774062
2019-10-01,8343.2766814
2019-10-02,8393.04164486
2019-10-03,8259.99197863
2019-10-04,8205.93924121
2019-10-05,8151.50052921
2019-10-06,7988.15595888
2019-10-07,8245.622933
2019-10-08,8228.7831528
2019-10-09,8595.73981722
2019-10-10,8586.47342543
2019-10-11,8321.75671178
2019-10-12,8336.55527417
2019-10-13,8321.00574668
2019-10-14,8374.6864467
2019-10-15,8205.36931588
2019-10-16,8047.52686305
2019-10-17,8103.91137325
2019-10-18,7973.20744597
2019-10-19,7988.56044241
2019-10-20,8222.07826034
2019-10-21,8243.72113905
2019-10-22,8078.20332194
2019-10-23,7514.67201276
2019-10-24,7493.48873154
2019-10-25,8660.70063696
2019-10-26,9244.97220867
2019-10-27,9551.7149631
2019-10-28,9256.14838876
2019-10-29,9427.68758384
2019-10-30,9205.72655905
2019-10-31,9199.58483269
2019-11-01,9261.104352
2019-11-02,9324.71776331
2019-11-03,9235.35487947
2019-11-04,9412.61187106
2019-11-05,9342.52717939
2019-11-06,9360.87991187
2019-11-07,9267.56114253
2019-11-08,8804.88071936
2019-11-09,8813.58248677
2019-11-10,9055.52605732
2019-11-11,8757.78854226
2019-11-12,8815.66253925
2019-11-13,8808.2625823
2019-11-14,8708.09509517
2019-11-15,8491.99201234
2019-11-16,8550.76055694
2019-11-17,8577.9757816
2019-11-18,8309.28598342
2019-11-19,8206.14591807
2019-11-20,8027.26824331
2019-11-21,7642.74994484
2019-11-22,7296.57756843
2019-11-23,7397.7968154
2019-11-24,7047.91688176
2019-11-25,7146.13390214
2019-11-26,7218.37133433
2019-11-27,7531.6636446
2019-11-28,7463.1061283
2019-11-29,7761.24360172
2019-11-30,7569.63012202
2019-12-01,7424.29226516
2019-12-02,7321.98811242
2019-12-03,7320.1454684
2019-12-04,7252.03458617
2019-12-05,7448.30752084
2019-12-06,7546.99669772
2019-12-07,7556.23803387
2019-12-08,7564.3454032
2019-12-09,7400.89935576
2019-12-10,7278.1197833
2019-12-11,7217.4271152
2019-12-12,7243.13436273
2019-12-13,7269.68455922
2019-12-14,7124.67396997
2019-12-15,7152.30184412
2019-12-16,6932.48038982
2019-12-17,6640.51524608
2019-12-18,7276.80277047
2019-12-19,7202.84436364
2019-12-20,7218.81638679
2019-12-21,7191.15846913
2019-12-22,7511.58904232
2019-12-23,7355.62826671
2019-12-24,7322.5324589
2019-12-25,7275.15572845
2019-12-26,7238.96702501
2019-12-27,7290.08851803
2019-12-28,7317.99003408
2019-12-29,7422.65258898
2019-12-30,7292.99507783
2019-12-31,7193.59897843
2020-01-01,7200.17439274
2020-01-02,6985.47000061
2020-01-03,7344.88418341
2020-01-04,7410.65656642
2020-01-05,7411.31732676
2020-01-06,7769.21903905
2020-01-07,8163.69223944
2020-01-08,8079.86277673
2020-01-09,7879.07152428
2020-01-10,8166.55414039
2020-01-11,8037.53738872
2020-01-12,8192.49400532
2020-01-13,8144.19451744
2020-01-14,8827.76442606
2020-01-15,8807.01027532
2020-01-16,8723.78576573
2020-01-17,8929.0376776
2020-01-18,8942.80890321
2020-01-19,8706.24512993
2020-01-20,8657.64293942
2020-01-21,8745.89478833
2020-01-22,8680.87604222
2020-01-23,8406.5160678
2020-01-24,8445.43428152
2020-01-25,8367.84777344
2020-01-26,8596.82983316
2020-01-27,8909.81917753
2020-01-28,9358.59031703
2020-01-29,9316.62950445
2020-01-30,9508.9935947
2020-01-31,9350.52936518
2020-02-01,9392.87536841
2020-02-02,9344.36529292
2020-02-03,9293.52108908
2020-02-04,9180.9629665
2020-02-05,9613.42428895
2020-02-06,9729.80223149
2020-02-07,9795.94377253
2020-02-08,9865.11946905
2020-02-09,10116.673759
2020-02-10,9856.61149362
2020-02-11,10208.2362609
2020-02-12,10326.0545246
2020-02-13,10214.3794638
2020-02-14,10312.1160909
2020-02-15,9889.42462838
2020-02-16,9934.43339025
2020-02-17,9690.14261814
2020-02-18,10141.9963705
2020-02-19,9633.38688518
2020-02-20,9608.47590343
2020-02-21,9686.44119763
2020-02-22,9663.18182933
2020-02-23,9924.51522822
2020-02-24,9650.17480677
2020-02-25,9341.70516876
2020-02-26,8820.52220005
2020-02-27,8784.49384867
2020-02-28,8672.45534996
2020-02-29,8599.50861972
2020-03-01,8562.45405008
2020-03-02,8869.67031078
2020-03-03,8787.78645576
2020-03-04,8755.24589461
2020-03-05,9078.76279174
2020-03-06,9122.54557333
2020-03-07,8909.9536515
2020-03-08,8108.11629101
2020-03-09,7923.6447033
2020-03-10,7909.72939346
2020-03-11,7911.43012933
2020-03-12,4970.78790105
2020-03-13,5563.70689169
2020-03-14,5200.36626392
2020-03-15,5392.31488002
2020-03-16,5014.47997748
2020-03-17,5225.62919259
2020-03-18,5238.43857664
2020-03-19,6191.19295222
2020-03-20,6198.77820508
2020-03-21,6185.06651501
2020-03-22,5830.25479765
2020-03-23,6416.31475839
2020-03-24,6734.80378045
2020-03-25,6681.06312656
2020-03-26,6716.44054866
2020-03-27,6469.79813509
2020-03-28,6242.1938684
2020-03-29,5922.0431227
2020-03-30,6429.84193389
2020-03-31,6438.64476637
2020-04-01,6606.77626829
2020-04-02,6793.62459642
2020-04-03,6733.3873906
2020-04-04,6867.52731596
2020-04-05,6791.12944093
2020-04-06,7271.7811527
2020-04-07,7176.41450049
2020-04-08,7334.09845346
2020-04-09,7302.0895105
2020-04-10,6865.49337195
2020-04-11,6859.08296343
2020-04-12,6971.09159108
2020-04-13,6845.03769683
2020-04-14,6842.42786097
2020-04-15,6642.10989286
2020-04-16,7116.80421777
2020-04-17,7096.18465879
2020-04-18,7257.66485847
2020-04-19,7189.42482356
2020-04-20,6881.95869275
2020-04-21,6880.32347375
2020-04-22,7117.20747869
2020-04-23,7429.72464927
2020-04-24,7550.90102725
2020-04-25,7569.93603405
2020-04-26,7679.86720422
2020-04-27,7795.60083451
2020-04-28,7807.05845106
2020-04-29,8801.03776688
2020-04-30,8658.55417975
2020-05-01,8864.76680793
2020-05-02,8988.5962069
2020-05-03,8897.46850985
2020-05-04,8912.65460539
2020-05-05,9003.07017834
2020-05-06,9268.76208066
2020-05-07,9951.5187451
2020-05-08,9842.66636785
2020-05-09,9593.89673363
2020-05-10,8756.43114193
2020-05-11,8601.79620238
2020-05-12,8804.47781074
2020-05-13,9269.98770576
2020-05-14,9733.72147137
2020-05-15,9328.19722645
2020-05-16,9377.0140257
2020-05-17,9670.73937122
2020-05-18,9726.5748149
2020-05-19,9729.0379192
2020-05-20,9522.98115678
2020-05-21,9081.76202252
2020-05-22,9182.57751787
2020-05-23,9209.28742769
2020-05-24,8790.36800074
2020-05-25,8906.93476142
2020-05-26,8835.05306073
2020-05-27,9181.01794762
2020-05-28,9525.7510947
2020-05-29,9439.12439045
2020-05-30,9700.41407169
2020-05-31,9461.05891806
2020-06-01,10167.2681012
2020-06-02,9529.80414872
2020-06-03,9656.71776526
2020-06-04,9800.63659532
2020-06-05,9665.53278908
2020-06-06,9653.67926335
2020-06-07,9758.8524174
2020-06-08,9771.48948366
2020-06-09,9795.70019463
2020-06-10,9870.09445278
2020-06-11,9321.78129819
2020-06-12,9480.84378943
2020-06-13,9475.27733834
2020-06-14,9386.78789214
2020-06-15,9450.70198692
2020-06-16,9538.0243743
2020-06-17,9480.25536624
2020-06-18,9411.84046197
2020-06-19,9288.01871603
2020-06-20,9332.340762
2020-06-21,9303.62971409
2020-06-22,9648.71760979
2020-06-23,9629.65836578
2020-06-24,9313.61034868
2020-06-25,9264.81304308
2020-06-26,9162.91760386
2020-06-27,9045.39095672
2020-06-28,9143.58219104
2020-06-29,9190.85446467
2020-06-30,9137.99340026
2020-07-01,9228.32559024
2020-07-02,9123.41015432
2020-07-03,9087.30391103
2020-07-04,9132.48795051
2020-07-05,9073.94286936
2020-07-06,9375.47475925
2020-07-07,9252.27750386
2020-07-08,9428.3330848
2020-07-09,9277.96790642
2020-07-10,9278.8078672
2020-07-11,9240.34632654
2020-07-12,9276.49985018
2020-07-13,9243.61385509
2020-07-14,9243.21341642
2020-07-15,9192.83736784
2020-07-16,9132.22786293
2020-07-17,9151.39223963
2020-07-18,9159.03990531
2020-07-19,9185.81691242
2020-07-20,9164.2313647
2020-07-21,9374.88752808
2020-07-22,9525.36344997
2020-07-23,9581.07201141
2020-07-24,9536.89268563
2020-07-25,9677.11349729
2020-07-26,9905.16724705
2020-07-27,10990.8733998
2020-07-28,10912.8230505
2020-07-29,11100.4681253
2020-07-30,11111.2142899
2020-07-31,11323.4664207
2020-08-01,11759.5927707
2020-08-02,11053.613901
2020-08-03,11246.3487749
2020-08-04,11205.8929179
2020-08-05,11747.0228312
2020-08-06,11779.7732574
2020-08-07,11601.4727146
2020-08-08,11754.0458135
2020-08-09,11675.7393433
2020-08-10,11878.1113253
2020-08-11,11410.5256775
2020-08-12,11584.9345762
2020-08-13,11784.1373895
2020-08-14,11768.8706193
2020-08-15,11865.69857
2020-08-16,11892.8040631
2020-08-17,12254.4019083
2020-08-18,11991.2332456
2020-08-19,11758.2835921
2020-08-20,11878.3716211
2020-08-21,11592.4890449
2020-08-22,11681.8255623
2020-08-23,11664.8479948
2020-08-24,11774.5958414
2020-08-25,11366.1350817
2020-08-26,11488.3634896
2020-08-27,11323.3970324
2020-08-28,11542.4997333
2020-08-29,11506.8653177
2020-08-30,11711.506161
2020-08-31,11680.8204905
2020-09-01,11970.4787405
2020-09-02,11414.0337325
2020-09-03,10245.296686
2020-09-04,10511.8138807
2020-09-05,10169.567221
2020-09-06,10280.3517032
2020-09-07,10369.5637386
2020-09-08,10131.5166457
2020-09-09,10242.3477803
2020-09-10,10363.1390401
2020-09-11,10400.9146854
2020-09-12,10442.1706031
2020-09-13,10323.7557975
2020-09-14,10680.8374328
2020-09-15,10796.9509861
2020-09-16,10974.9048915
2020-09-17,10948.9899152
2020-09-18,10944.5858045
2020-09-19,11094.3462761
2020-09-20,10938.2712894
2020-09-21,10462.2596185
2020-09-22,10538.4603213
2020-09-23,10246.18649281
2020-09-24,10760.06625677
2020-09-25,10692.71721234
2020-09-26,10750.72357903
2020-09-27,10775.26937624
2020-09-28,10709.65218175
2020-09-29,10844.64098118
2020-09-30,10784.49157795
2020-10-01,10619.45190766
2020-10-02,10575.97504191
2020-10-03,10549.32889962
2020-10-04,10669.58254327
2020-10-05,10793.33942751
2020-10-06,10604.40588882
2020-10-07,10668.96895539
2020-10-08,10915.68573098
2020-10-09,11064.45759247
2020-10-10,11296.3614282
2020-10-11,11384.1819535
2020-10-12,11555.3628878
2020-10-13,11425.8994007
2020-10-14,11429.50688675
2020-10-15,11495.34965037
2020-10-16,11322.12268618
2020-10-17,11358.10156733
2020-10-18,11483.35971184
2020-10-19,11742.03715033
2020-10-20,11916.33514058
2020-10-21,12823.68918938
2020-10-22,12965.89129043
2020-10-23,12931.53902256
2020-10-24,13108.06261161
2020-10-25,13031.17431056
2020-10-26,13075.24769656
2020-10-27,13654.21844012
2020-10-28,13271.28536861
2020-10-29,13437.8832414
2020-10-30,13546.52226938
2020-10-31,13780.99470249
2020-11-01,13737.10982864
2020-11-02,13550.4893841
2020-11-03,13950.30084729
2020-11-04,14133.70715301
2020-11-05,15579.84846029
2020-11-06,15565.88058083
2020-11-07,14833.7541075
2020-11-08,15479.56703842
2020-11-09,15332.31559743
2020-11-10,15290.90268148
2020-11-11,15701.33973237
2020-11-12,16276.34394919
2020-11-13,16317.80819009
2020-11-14,16068.13870685
2020-11-15,15955.58743887
2020-11-16,16716.11132377
2020-11-17,17645.40576746
2020-11-18,17804.00563217
2020-11-19,17817.09024754
2020-11-20,18621.31436938
2020-11-21,18642.23276593
2020-11-22,18370.00252365
2020-11-23,18364.12159134
2020-11-24,19107.46444977
2020-11-25,18732.1207774
2020-11-26,17150.62357809
2020-11-27,17108.40172774
2020-11-28,17717.4150112
2020-11-29,18177.48341979
2020-11-30,19625.83502949
2020-12-01,18802.99829969
2020-12-02,19201.09115697
2020-12-03,19445.39847988
2020-12-04,18699.76561337
2020-12-05,19154.231131
2020-12-06,19345.12095871
2020-12-07,19191.63128698
2020-12-08,18321.14491611
2020-12-09,18553.91537685
2020-12-10,18264.99210672
2020-12-11,18058.90334725
2020-12-12,18803.65687045
2020-12-13,19142.3825335
2020-12-14,19246.64434137
2020-12-15,19417.07603342
2020-12-16,21310.59813054
2020-12-17,22805.16149213
2020-12-18,23137.96056165
2020-12-19,23869.83196434
2020-12-20,23477.29519711
2020-12-21,22803.0814087
2020-12-22,23783.02850288
2020-12-23,23241.34486501
2020-12-24,23735.94972763
2020-12-25,24664.79027412
2020-12-26,26437.0375091
2020-12-27,26272.29456706
2020-12-28,27084.80788628
2020-12-29,27362.4365573
2020-12-30,28840.95341968
2020-12-31,29001.71982218
2021-01-01,29374.15188907
2021-01-02,32127.26793922
2021-01-03,32782.02446581
2021-01-04,31971.91352155
2021-01-05,33992.42934365
2021-01-06,36824.36441009
2021-01-07,39371.04235311
2021-01-08,40797.61071993
2021-01-09,40254.54649816
2021-01-10,38356.43950662
2021-01-11,35566.65594049
2021-01-12,33922.9605815
2021-01-13,37316.35939997
2021-01-14,39187.32812109
2021-01-15,36825.36585131
2021-01-16,36178.13890106
2021-01-17,35791.27792129
2021-01-18,36630.07568284
2021-01-19,36069.80639361
2021-01-20,35547.7508855
2021-01-21,30825.69850603
2021-01-22,33005.76356216
2021-01-23,32067.64288212
2021-01-24,32289.37808687
2021-01-25,32366.39304887
2021-01-26,32569.84955679
2021-01-27,30432.54707881
2021-01-28,33466.09635821
2021-01-29,34316.38765032
2021-01-30,34269.52154165
2021-01-31,33114.35774753
2021-02-01,33537.1768196
2021-02-02,35510.28903716
2021-02-03,37472.09010368
2021-02-04,36926.06446515
2021-02-05,38144.30686267
2021-02-06,39266.01073494
2021-02-07,38903.44147971
2021-02-08,46196.46371944
2021-02-09,46481.10423596
2021-02-10,44918.18449192
2021-02-11,47909.33119483
2021-02-12,47504.85118326
2021-02-13,47105.51747252
2021-02-14,48717.2902111
2021-02-15,47945.05683234
2021-02-16,49199.87134362
2021-02-17,52149.00753587
2021-02-18,51679.79669449
2021-02-19,55888.13368221
2021-02-20,56099.52051348
2021-02-21,57539.9436679
2021-02-22,54207.31906543
2021-02-23,48824.42686909
2021-02-24,49705.33331637
2021-02-25,47093.85301914
2021-02-26,46339.76008289
2021-02-27,46188.45127539
2021-02-28,45137.77046805
2021-03-01,49631.24137077
2021-03-02,48378.98805435
2021-03-03,50538.24341445
2021-03-04,48561.1661539
2021-03-05,48927.3045548
2021-03-06,48912.38173056
2021-03-07,51206.69295308
2021-03-08,52246.52230995
2021-03-09,54824.11781138
2021-03-10,56008.54940114
2021-03-11,57805.12301924
2021-03-12,57332.08896391
2021-03-13,61243.08476552
2021-03-14,59302.31697742
2021-03-15,55907.20022619
2021-03-16,56804.90123161
2021-03-17,58870.89333325
2021-03-18,57858.92070527
2021-03-19,58346.65297359
2021-03-20,58313.64260857
2021-03-21,57523.42098673
2021-03-22,54529.14561107
2021-03-23,54738.94493032
2021-03-24,52774.26369049
2021-03-25,51704.1619252
2021-03-26,55137.31372578
2021-03-27,55973.51084173
2021-03-28,55950.7457745
2021-03-29,57750.19987147
2021-03-30,58917.6930451
2021-03-31,58918.83271375
2021-04-01,59095.80797806
2021-04-02,59384.3133586
2021-04-03,57603.88917376
2021-04-04,58758.55629127
2021-04-05,59057.87896588
2021-04-06,58192.35868406
2021-04-07,56048.93781271
2021-04-08,58323.95357975
2021-04-09,58245.00300108
2021-04-10,59793.23541009
2021-04-11,60204.96491379
2021-04-12,59893.45188869
2021-04-13,63503.45793019
2021-04-14,63109.69593464
2021-04-15,63314.01084504
2021-04-16,61572.78960116
2021-04-17,60683.82123331
2021-04-18,56216.18500243
2021-04-19,55724.26709807
2021-04-20,56473.0322808
2021-04-21,53906.08804584
2021-04-22,51762.27205146
2021-04-23,51093.65070999
2021-04-24,50050.86821565
2021-04-25,49004.25326318
2021-04-26,54021.75478737
2021-04-27,55033.11801332
2021-04-28,54824.70489507
2021-04-29,53555.10849133
2021-04-30,57750.17734563
2021-05-01,57828.05063222
2021-05-02,56631.07741255
2021-05-03,57200.29122289
2021-05-04,53333.53775274
2021-05-05,57424.00594813
2021-05-06,56396.51416376
2021-05-07,57356.40187692
2021-05-08,58803.77580865
2021-05-09,58232.3161419
2021-05-10,55859.79754454
2021-05-11,56704.5730585
2021-05-12,49150.53387514
2021-05-13,49716.19160254
2021-05-14,49880.53342038
2021-05-15,46760.18656071
2021-05-16,46456.05847448
2021-05-17,43537.51138918
2021-05-18,42909.40092517
2021-05-19,37002.4404659
2021-05-20,40782.73826245
2021-05-21,37304.69067136
2021-05-22,37536.63111241
2021-05-23,34770.58362292
2021-05-24,38705.97863723
2021-05-25,38402.22385137
2021-05-26,39294.19738214
2021-05-27,38436.96853505
2021-05-28,35697.60639024
2021-05-29,34616.06800347
2021-05-30,35678.12920411
2021-05-31,37332.85368874
2021-06-01,36684.92451667
2021-06-02,37575.17957566
2021-06-03,39208.76599489
2021-06-04,36894.40532994
2021-06-05,35551.95872588
2021-06-06,35862.37772747
2021-06-07,33560.70783776
2021-06-08,33472.63174808
2021-06-09,37345.12148619
2021-06-10,36702.59937466
2021-06-11,37334.39952553
2021-06-12,35552.51714847
2021-06-13,39097.86089667
2021-06-14,40218.47785943
2021-06-15,40406.26898673
2021-06-16,38347.06322666
2021-06-17,38053.50417253
2021-06-18,35787.24478177
2021-06-19,35615.86927002
2021-06-20,35698.29644336
2021-06-21,31676.69373254
2021-06-22,32505.6598245
2021-06-23,33723.0289781
2021-06-24,34662.43589358
2021-06-25,31637.78005541
2021-06-26,32186.27767093
2021-06-27,34649.64458753
2021-06-28,34434.33531428
2021-06-29,35867.77773549
2021-06-30,35040.83724889
2021-07-01,33572.11765253
2021-07-02,33897.04858963
2021-07-03,34668.54840182
2021-07-04,35287.77976616
2021-07-05,33746.00245614
2021-07-06,34235.19345116
2021-07-07,33855.32688833
2021-07-08,32877.37262842
2021-07-09,33798.01020742
2021-07-10,33520.51995283
2021-07-11,34240.18701074
2021-07-12,33155.84813085
2021-07-13,32702.02592354
2021-07-14,32822.34873678
2021-07-15,31780.73137404
2021-07-16,31421.53845398
2021-07-17,31533.06753327
2021-07-18,31796.81013825
2021-07-19,30817.83165619
2021-07-20,29807.34767271
2021-07-21,32110.69326387
2021-07-22,32313.10632477
2021-07-23,33581.55060854
2021-07-24,34292.44590612
2021-07-25,35350.18697353
2021-07-26,37337.5333134
2021-07-27,39406.9409837
2021-07-28,39995.90646862
2021-07-29,40008.42084653
2021-07-30,42235.54770874
2021-07-31,41626.19567624
2021-08-01,39974.89602594
2021-08-02,39201.945189
2021-08-03,38152.9820898
2021-08-04,39747.50501675
2021-08-05,40869.55432742
2021-08-06,42816.49896809
2021-08-07,44555.8006644
2021-08-08,43798.11767796
2021-08-09,46365.40065035
2021-08-10,45585.03077231
2021-08-11,45593.63593071
2021-08-12,44428.28846681
2021-08-13,47793.32117908
2021-08-14,47096.94566198
2021-08-15,47047.00454195
2021-08-16,46004.4840786
2021-08-17,44695.35761921
2021-08-18,44801.18871714
2021-08-19,46717.5787452
2021-08-20,49339.17603688
2021-08-21,48905.49058555
2021-08-22,49321.65404941
2021-08-23,49546.14770729
2021-08-24,47706.11855498
2021-08-25,48960.78728025
2021-08-26,46942.21786802
2021-08-27,49058.66973026
2021-08-28,48902.40220635
2021-08-29,48829.8326
2021-08-30,47054.98479356
2021-08-31,47166.68794545
2021-09-01,48847.02907417
2021-09-02,49327.72318398
2021-09-03,50025.37460546
2021-09-04,49944.62690568
2021-09-05,51753.41192621
2021-09-06,52633.53620235
2021-09-07,46811.12952948
2021-09-08,46091.38930192
2021-09-09,46391.4229753
2021-09-10,44883.9101072
2021-09-11,45201.45898324
2021-09-12,46063.27035709
2021-09-13,44963.0726328295
2021-09-14,47092.4938332669
2021-09-15,48176.3463927443
2021-09-16,47783.3578046439
2021-09-17,47267.5200230691
2021-09-18,48278.3635153298
2021-09-19,47260.2173314677
2021-09-20,42843.8024409386
2021-09-21,40693.67719159
2021-09-22,43574.509432809
2021-09-23,44895.0966015708
2021-09-24,42839.7516959645
2021-09-25,42716.5931467285
2021-09-26,43208.5391045354
2021-09-27,42235.7318466434
2021-09-28,41034.5446652294
2021-09-29,41564.3634814909
2021-09-30,43790.8956254849
2021-10-01,48116.9412180277
2021-10-02,47711.4864634698
2021-10-03,48199.9515572655
2021-10-04,49112.9012823932
2021-10-05,51514.8140602767
2021-10-06,55361.4494296079
2021-10-07,53805.9851642989
2021-10-08,53967.8467672527
2021-10-09,54968.2244504154
2021-10-10,54771.5791838546
2021-10-11,57484.7894651936
2021-10-12,56041.0568380579
2021-10-13,57401.0975273362
2021-10-14,57321.5252796604
2021-10-15,61593.9500606183
2021-10-16,60892.1806927008
2021-10-17,61553.6173846995
2021-10-18,62026.077831093
2021-10-19,64261.9911928559
2021-10-20,65992.8370361176
2021-10-21,62210.1730756348
2021-10-22,60692.2644330955
2021-10-23,61393.617191517
2021-10-24,60930.8364421796
2021-10-25,63039.8255141733
2021-10-26,60363.7920503572
2021-10-27,58482.3879400455
2021-10-28,60622.1367088483
2021-10-29,62227.9645938188
2021-10-30,61888.8312190326
2021-10-31,61318.957766606
2021-11-01,61004.4080213493
2021-11-02,63226.401097088
2021-11-03,62970.0474260185
2021-11-04,61452.2305873208
2021-11-05,61125.6742689036
2021-11-06,61527.4817933987
2021-11-07,63326.9890280992
2021-11-08,67566.8300878775
2021-11-09,66971.8280974611
2021-11-10,64995.2293907433
2021-11-11,64949.96191476
2021-11-12,64155.9418364327
2021-11-13,64469.5290233851
2021-11-14,65466.8410240344
2021-11-15,63557.8715183709
2021-11-16,60161.2470371667
2021-11-17,60368.0118167649
2021-11-18,56942.1362440572
2021-11-19,58119.5761937925
2021-11-20,59697.1971342589
2021-11-21,58730.4766386507
2021-11-22,56289.2873226386
2021-11-23,57569.0748757271
2021-11-24,56280.4271082207
2021-11-25,57274.6794471653
2021-11-26,53569.7639630968
2021-11-27,54815.079304928
2021-11-28,57248.458375824
2021-11-29,57806.5662152559
2021-11-30,57005.4254735998
2021-12-01,57229.8298994492
2021-12-02,56477.8174777821
2021-12-03,53598.2464702979
2021-12-04,49200.7046174372
2021-12-05,49368.8470992255
2021-12-06,50582.6253966441
2021-12-07,50700.0843364829
2021-12-08,50504.7955387084
2021-12-09,47672.1223910874
2021-12-10,47243.3056849164
2021-12-11,49362.508336459
2021-12-12,50098.3351363893
2021-12-13,46737.48224375
2021-12-14,46612.6335069029
2021-12-15,48896.7208291144
2021-12-16,47665.426077884
2021-12-17,46202.143379147
2021-12-18,46848.7767655561
2021-12-19,46707.0148769996
2021-12-20,46880.2789637231
2021-12-21,48936.6141514468
2021-12-22,48628.509925134
2021-12-23,50784.5381788605
2021-12-24,50822.1965232303
2021-12-25,50429.8577970562
2021-12-26,50809.5150128895
2021-12-27,50640.4188043781
2021-12-28,47588.8547774592
2021-12-29,46444.7104905398
2021-12-30,47178.1258434398
2021-12-31,46306.4461226996
2022-01-01,47686.8115091782
2022-01-02,47345.220564253
2022-01-03,46458.1169588914
2022-01-04,45897.5758267783
2022-01-05,43569.0033476498
2022-01-06,43160.9284196054
2022-01-07,41557.9011609709
2022-01-08,41733.9430988926
2022-01-09,41911.6015363357
2022-01-10,41821.2631390031
2022-01-11,42735.8541195077
2022-01-12,43949.1006867819
2022-01-13,42591.5722580306
2022-01-14,43099.6998283297
2022-01-15,43177.3967900803
2022-01-16,43113.8801137778
2022-01-17,42250.5493732401
2022-01-18,42375.6328430686
2022-01-19,41744.3298424627
2022-01-20,40680.4199136003
2022-01-21,36457.3181001361
2022-01-22,35030.2517675959
2022-01-23,36276.8046943699
2022-01-24,36654.3291826876
2022-01-25,36954.0020136276
2022-01-26,36852.122594586
2022-01-27,37138.2343159536
2022-01-28,37784.3332640665
2022-01-29,38138.1785657755
2022-01-30,37917.60273361
2022-01-31,38483.126309273
2022-02-01,38743.2725693698
2022-02-02,36952.9849327595
2022-02-03,37154.6002446074
2022-02-04,41500.8753823114
2022-02-05,41441.1648206042
2022-02-06,42412.4342359174
2022-02-07,43840.2865761055
2022-02-08,44118.4462597284
2022-02-09,44338.7977574167
2022-02-10,43565.1121728445
2022-02-11,42407.9379380192
2022-02-12,42244.4699868886
2022-02-13,42197.5153405276
2022-02-14,42586.9196860901
2022-02-15,44575.2033341441
2022-02-16,43961.8593882795
2022-02-17,40538.0128343685
2022-02-18,40030.9755990885
2022-02-19,40122.1547656975
2022-02-20,38431.3781154647
2022-02-21,37075.2793533757
2022-02-22,38286.0270879696
2022-02-23,37296.5720003887
2022-02-24,38332.6098307004
2022-02-25,39214.2206250425
2022-02-26,39105.1478155514
2022-02-27,37709.7837534329
2022-02-28,43193.2340330233
2022-03-01,44354.6375073612
2022-03-02,43924.1164380558
2022-03-03,42451.7895866188
2022-03-04,39137.6036387584
2022-03-05,39400.5841380401
2022-03-06,38419.9833773926
2022-03-07,38062.040205582
2022-03-08,38737.2684954927
2022-03-09,41982.9263548072
2022-03-10,39437.4597736288
2022-03-11,38794.9731374789
2022-03-12,38904.0133980303
2022-03-13,37849.6627995273
2022-03-14,39666.7558189777
2022-03-15,39338.7854920324
2022-03-16,41143.9280403474
2022-03-17,40951.3798755055
2022-03-18,41801.1544960935
2022-03-19,42190.6534617069
2022-03-20,41247.8234468342
2022-03-21,41077.9979918038
2022-03-22,42358.8084254084
2022-03-23,42892.9574822428
2022-03-24,43960.933058954
2022-03-25,44348.7309048344
2022-03-26,44500.8284155129
2022-03-27,46820.4934636771
2022-03-28,47128.0051622503
2022-03-29,47465.7298877113
2022-03-30,47062.6641669272
2022-03-31,45538.6769223388
2022-04-01,46281.6439814509
2022-04-02,45868.9491559204
2022-04-03,46453.5670763172
2022-04-04,46622.6744137452
2022-04-05,45555.9934041971
2022-04-06,43206.7376725735
2022-04-07,43503.8491661365
2022-04-08,42287.6635116808
2022-04-09,42782.1353172936
2022-04-10,42207.670963734
2022-04-11,39521.9013265663
2022-04-12,40127.1820849288
2022-04-13,41166.7318122462
2022-04-14,39935.5169992135
2022-04-15,40553.4632718884
2022-04-16,40424.4832933225
2022-04-17,39716.9542258357
2022-04-18,40826.2143856021
2022-04-19,41502.7504194207
2022-04-20,41374.3782012031
2022-04-21,40527.3640835385
2022-04-22,39740.3198538771
2022-04-23,39486.7287113245
2022-04-24,39469.293555834
2022-04-25,40458.3089645522
2022-04-26,38117.4625078349
2022-04-27,39241.1227507635
2022-04-28,39773.8283675659
2022-04-29,38609.8231933379
2022-04-30,37714.875545299
2022-05-01,38469.0939025425
2022-05-02,38529.3278008977
2022-05-03,37750.4539152995
2022-05-04,39698.3706196742
2022-05-05,36575.142132703
2022-05-06,36040.9223501524
2022-05-07,35501.9541442019
2022-05-08,34059.2642505879
2022-05-09,30296.9534000531
2022-05-10,31022.9054122253
2022-05-11,28936.3550311122
2022-05-12,29047.7510038538
2022-05-13,29283.103811543
2022-05-14,30101.2664459848
2022-05-15,31305.1125686764
2022-05-16,29862.9182412919
2022-05-17,30425.857276796
2022-05-18,28720.2713997454
2022-05-19,30314.3349534984
2022-05-20,29200.7400877833
2022-05-21,29432.2259634811
2022-05-22,30323.7218952694
2022-05-23,29098.909745734
2022-05-24,29655.58613284
2022-05-25,29562.3612655464
2022-05-26,29267.2246712304
2022-05-27,28627.5748531586
2022-05-28,29023.4880392653
2022-05-29,29445.9576239208
2022-05-30,31726.3906858653
2022-05-31,31792.3099432754
2022-06-01,29799.0797135195
2022-06-02,30467.4877414342
2022-06-03,29704.3913570693
2022-06-04,29832.9142253244
2022-06-05,29906.6617477915
2022-06-06,31370.6719476925
2022-06-07,31155.4787018498
2022-06-08,30214.356242025
2022-06-09,30111.9979224235
2022-06-10,29083.8047209541
2022-06-11,28360.811358542
2022-06-12,26762.6490379039
2022-06-13,22487.3879258459
2022-06-14,22206.7927900583
2022-06-15,22572.8398231902
2022-06-16,20381.6512129024
2022-06-17,20471.4818924914
2022-06-18,19017.6423550215
2022-06-19,20553.2718217472
2022-06-20,20599.5379647956
2022-06-21,20710.597101739
2022-06-22,19987.0290493797
2022-06-23,21085.8771612422
2022-06-24,21231.6557714446
2022-06-25,21502.3386880262
2022-06-26,21027.2953088067
2022-06-27,20735.4779474249
2022-06-28,20280.6356501458
2022-06-29,20104.0231777817
2022-06-30,19784.7264946249
2022-07-01,19269.3666859098
2022-07-02,19242.255580241
2022-07-03,19297.0760827928
2022-07-04,20231.2615118026
2022-07-05,20190.1146695234
2022-07-06,20548.2458719695
2022-07-07,21637.5877502437
2022-07-08,21731.1165833973
2022-07-09,21592.2060743303
2022-07-10,20860.4493930623
2022-07-11,19970.556593233
2022-07-12,19323.914856106
2022-07-13,20212.073498093
2022-07-14,20569.9200615284
2022-07-15,20836.3286445243
2022-07-16,21190.3156676219
2022-07-17,20779.3445398509
2022-07-18,22485.6892521761
2022-07-19,23389.4328464795
2022-07-20,23231.7319651172
2022-07-21,23164.6287547047
2022-07-22,22714.9791482287
2022-07-23,22465.4776274248
2022-07-24,22609.164770669
2022-07-25,21361.700521904
2022-07-26,21239.7543798251
2022-07-27,22930.5484457
2022-07-28,23843.8862077382
2022-07-29,23804.6332345672
2022-07-30,23656.2070255842
2022-07-31,23336.8956049843
2022-08-01,23314.1994325371
2022-08-02,22978.1165929475
2022-08-03,22846.5070579755
2022-08-04,22630.9567321334
2022-08-05,23289.3142774141
2022-08-06,22961.2789671291
2022-08-07,23175.8908490806
2022-08-08,23809.4871145188
2022-08-09,23164.3179862813
2022-08-10,23947.64342535
2022-08-11,23957.5301942682
2022-08-12,24402.8185057558
2022-08-13,24424.0678311507
2022-08-14,24319.3339226
2022-08-15,24136.9724246641
2022-08-16,23883.2905467346
2022-08-17,23335.9982223605
2022-08-18,23212.7390770428
2022-08-19,20877.5536922194
2022-08-20,21166.060396105
2022-08-21,21534.1212308142
2022-08-22,21398.9083503016
2022-08-23,21528.087371684
2022-08-24,21395.0200714925
2022-08-25,21600.9051416699
2022-08-26,20260.0186494241
2022-08-27,20041.7384530551
2022-08-28,19616.8149844439
2022-08-29,20297.9946353065
2022-08-30,19796.8094024105
2022-08-31,20049.7631893726
2022-09-01,20127.1402694309
2022-09-02,19969.7711774602
2022-09-03,19832.0877293385
2022-09-04,19986.71383922
2022-09-05,19812.3714787542
2022-09-06,18837.667712375
2022-09-07,19290.3238735938
2022-09-08,19329.8349334266
2022-09-09,21381.1528552866
2022-09-10,21680.539413428
2022-09-11,21769.2563395567
2022-09-12,22370.448649932
2022-09-13,20296.7078138753
2022-09-14,20241.0898018307
2022-09-15,19701.2099625661
2022-09-16,19772.5842055678
2022-09-17,20127.5766571789
2022-09-18,19419.506190767
2022-09-19,19544.1292496743
2022-09-20,18890.7890963691
2022-09-21,18547.3997598262
2022-09-22,19413.5516208219
2022-09-23,19297.6378400087
2022-09-24,18937.0111756715
2022-09-25,18802.0979756765
2022-09-26,19222.6721841704
2022-09-27,19110.5465509918
2022-09-28,19426.7213316789
2022-09-29,19573.0503140007
2022-09-30,19431.7894465994
2022-10-01,19312.0947321314
2022-10-02,19044.1072723711
2022-10-03,19623.580334556
2022-10-04,20336.842949206
2022-10-05,20160.7161716068
2022-10-06,19955.4436723686
2022-10-07,19546.8497101499
2022-10-08,19416.5678495233
2022-10-09,19446.4261941327
2022-10-10,19141.4835050122
2022-10-11,19051.4182694773
2022-10-12,19157.4462868525
2022-10-13,19382.9040336331
2022-10-14,19185.656700327
2022-10-15,19067.6350822884
2022-10-16,19268.0928008619
2022-10-17,19550.7572999132
2022-10-18,19334.4151499829
2022-10-19,19139.5343513894
2022-10-20,19053.7402405368
2022-10-21,19172.4692172692
2022-10-22,19208.1902460043
2022-10-23,19567.0073980529
2022-10-24,19345.5723482851
2022-10-25,20095.8564554472
2022-10-26,20770.4412716294
2022-10-27,20285.8367757017
2022-10-28,20595.3519366012
2022-10-29,20818.4761644388
2022-10-30,20635.6037476843
2022-10-31,20495.7742320325
2022-11-01,20485.2732430903
2022-11-02,20159.5030671045
2022-11-03,20209.9874150039
2022-11-04,21147.2297322385
2022-11-05,21282.6912959164
2022-11-06,20926.4859738215
2022-11-07,20602.8167252699
2022-11-08,18541.2718532238
2022-11-09,15880.7798491723
2022-11-10,17586.7714495473
2022-11-11,17034.2931347133
2022-11-12,16799.1847383999
2022-11-13,16353.3657171761
2022-11-14,16618.1992288908
2022-11-15,16884.6139070546
2022-11-16,16669.4401447741
2022-11-17,16687.5179505411
2022-11-18,16697.7776677865
2022-11-19,16711.5477937965
2022-11-20,16291.8324676929
2022-11-21,15787.2840945218
2022-11-22,16189.7695319341
2022-11-23,16610.7064149352
2022-11-24,16604.4650179543
2022-11-25,16521.8410189608
2022-11-26,16464.2810793656
2022-11-27,16444.6268345485
2022-11-28,16217.3224676411
2022-11-29,16444.9832700291
2022-11-30,17168.5655484864
2022-12-01,16967.1336671008
2022-12-02,17088.6604094023
2022-12-03,16908.236795124
2022-12-04,17130.4859472168
2022-12-05,16974.8256651336
2022-12-06,17089.5037060098
2022-12-07,16848.1276289005
2022-12-08,17233.4740199151
2022-12-09,17133.1520141413
2022-12-10,17128.7237102156
2022-12-11,17104.1928057162
2022-12-12,17206.4383006718
2022-12-13,17781.3188354598
2022-12-14,17652.0983126836
2022-12-15,17364.8649112629
2022-12-16,16647.4834788286
2022-12-17,16795.0909672135
2022-12-18,16757.9774032466
2022-12-19,16439.679646163
2022-12-20,16906.3052104215
2022-12-21,16817.534386551
2022-12-22,16830.3414239344
2022-12-23,16796.9521712163
2022-12-24,16847.7552651546
2022-12-25,16841.9870522838
2022-12-26,16919.8051749285
2022-12-27,16717.1739801271
2022-12-28,16552.5717365145
2022-12-29,16642.3426718856
2022-12-30,16602.5851557701
2022-12-31,16547.4953660162
2023-01-01,16625.0805507091
2023-01-02,16688.4713573932
2023-01-03,16679.8570798137
2023-01-04,16863.2382582833
2023-01-05,16836.7366452236
2023-01-06,16951.9695166293
2023-01-07,16955.0774351588
2023-01-08,17091.1444513033
2023-01-09,17196.5540596395
2023-01-10,17446.292509299
2023-01-11,17943.8976294683
2023-01-12,18869.5880552656
2023-01-13,19909.5746247506
2023-01-14,20976.2997963921
2023-01-15,20880.7992021821
2023-01-16,21169.6327806964
2023-01-17,21161.5192199162
2023-01-18,20688.7807298648
2023-01-19,21086.7933048443
2023-01-20,22676.5517588881
2023-01-21,22777.6258091326
2023-01-22,22720.4156286391
2023-01-23,22934.4314643586
2023-01-24,22636.4693111916
2023-01-25,23117.8596819048
2023-01-26,23032.7775987084
2023-01-27,23078.7278799123
2023-01-28,23031.0897756201
2023-01-29,23774.5659233116
2023-01-30,22840.13890738
2023-01-31,23139.2839099123
2023-02-01,23723.7696534847
2023-02-02,23471.8704412794
2023-02-03,23449.3216215066
2023-02-04,23331.8471370961
2023-02-05,22955.6660162974
2023-02-06,22760.1092633004
2023-02-07,23264.2911876916
2023-02-08,22939.3987006841
2023-02-09,21819.0399147365
2023-02-10,21651.1837829361
2023-02-11,21870.8740640545
2023-02-12,21788.2039862606
2023-02-13,21808.1017736009
2023-02-14,22220.8041436975
2023-02-15,24307.8413284844
2023-02-16,23623.4744808063
2023-02-17,24565.6019889467
2023-02-18,24641.2769484258
2023-02-19,24327.6416722827
2023-02-20,24829.1475699492
2023-02-21,24436.354484576
2023-02-22,24188.8429766943
2023-02-23,23947.492523176
2023-02-24,23198.1274878832
2023-02-25,23175.3756358425
2023-02-26,23561.2129109163
2023-02-27,23522.871914506
2023-02-28,23147.3533899085
2023-03-01,23646.549899145
2023-03-02,23475.4667376623
2023-03-03,22362.6793319333
2023-03-04,22353.3500739307
2023-03-05,22435.5141969735
2023-03-06,22429.7575333463
2023-03-07,22219.7690709418
2023-03-08,21718.0798304321
2023-03-09,20363.0211117254
2023-03-10,20187.2436476163
2023-03-11,20632.4096293926
2023-03-12,22163.949951915
2023-03-13,24197.5329977753
2023-03-14,24746.0746588477
2023-03-15,24375.9613578312
2023-03-16,25052.789721748
2023-03-17,27423.9306340492
2023-03-18,26965.8797570266
2023-03-19,28038.6749467651
2023-03-20,27767.2363318262
2023-03-21,28175.8168354249
2023-03-22,27307.4367684133
2023-03-23,28333.9727113788
2023-03-24,27493.2851436235
2023-03-25,27494.7068783775
2023-03-26,27994.3295142227
2023-03-27,27139.8885305221
2023-03-28,27268.1314829145
2023-03-29,28348.442342812
2023-03-30,28033.5631503957
2023-03-31,28478.4846056804
2023-04-01,28411.0342430924
2023-04-02,28199.3083837745
2023-04-03,27790.2208547736
2023-04-04,28168.0898164027
2023-04-05,28177.9835569508
2023-04-06,28044.1397549441
2023-04-07,27925.8594084129
2023-04-08,27947.7945496942
2023-04-09,28333.0500476249
2023-04-10,29652.9800970841
2023-04-11,30235.0589389553
2023-04-12,30139.052871052
2023-04-13,30399.0663854918
2023-04-14,30485.7000292553
2023-04-15,30318.4969530646
2023-04-16,30315.3554561203
2023-04-17,29445.0449049628
2023-04-18,30397.5527355226
2023-04-19,28822.6804729009
2023-04-20,28245.9873104934
2023-04-21,27276.9096875756
2023-04-22,27817.5009174373
2023-04-23,27591.3846319068
2023-04-24,27525.3394995911
2023-04-25,28307.5980906654
2023-04-26,28422.7008784923
2023-04-27,29473.7861836728
2023-04-28,29340.262498158
2023-04-29,29248.4883729176
2023-04-30,29268.8070431626
2023-05-01,28091.5688038924
2023-05-02,28680.5369679129
2023-05-03,29006.3076709086
2023-05-04,28847.7115906552
2023-05-05,29534.384019705
2023-05-06,28904.6239490708
2023-05-07,28454.9782855135
2023-05-08,27694.2728962731
2023-05-09,27658.774672519
2023-05-10,27621.7562273313
2023-05-11,27000.7882707338
2023-05-12,26804.9906706878
2023-05-13,26784.0785608824
2023-05-14,26930.6378455643
2023-05-15,27192.6932211649
2023-05-16,27036.650709944
2023-05-17,27398.8020279652
2023-05-18,26832.209300486
2023-05-19,26890.1282424083
2023-05-20,27129.5862550312
2023-05-21,26753.8256390547
2023-05-22,26851.2776278913
2023-05-23,27225.7265906348
2023-05-24,26334.8182144365
2023-05-25,26476.2075319731
2023-05-26,26719.2909846173
2023-05-27,26868.3538184312
2023-05-28,28085.6473607492
2023-05-29,27745.884443552
2023-05-30,27702.3487747796
2023-05-31,27219.6586081109
2023-06-01,26819.9732197077
2023-06-02,27249.5889490884
2023-06-03,27075.1293984425
2023-06-04,27119.0671931263
2023-06-05,25760.0969995361
2023-06-06,27238.7837262174
2023-06-07,26345.9988512669
2023-06-08,26508.2159021565
2023-06-09,26480.3750935951
2023-06-10,25851.2410031697
2023-06-11,25940.1680803434
2023-06-12,25902.499869783
2023-06-13,25918.7284012682
2023-06-14,25124.6766798408
2023-06-15,25576.3940082636
2023-06-16,26327.4623942173
2023-06-17,26510.6764468879
2023-06-18,26336.213003281
2023-06-19,26851.0285455213
2023-06-20,28327.4882643282
2023-06-21,30027.296453501
2023-06-22,29912.281714768
2023-06-23,30695.4694074896
2023-06-24,30548.6948247387
2023-06-25,30480.2616057375
2023-06-26,30271.1310167397
2023-06-27,30688.163854246
2023-06-28,30086.2461885249
2023-06-29,30445.3512260882
2023-06-30,30477.2512822446
2023-07-01,30590.0790715004
2023-07-02,30620.7702634481
2023-07-03,31156.4394915754
2023-07-04,30777.5815111677
2023-07-05,30514.16639282
2023-07-06,29909.3377611007
2023-07-07,30342.2647520959
2023-07-08,30292.541172642
2023-07-09,30171.2335717583
2023-07-10,30414.4715205927
2023-07-11,30620.9509380041
2023-07-12,30391.6461439343
2023-07-13,31476.0493854442
2023-07-14,30334.0690076907
2023-07-15,30295.807483728
2023-07-16,30249.1328102967
2023-07-17,30145.8896255087
2023-07-18,29856.5632231206
2023-07-19,29913.9231998543
2023-07-20,29792.0163780508
2023-07-21,29908.743898772
2023-07-22,29771.8028277715
2023-07-23,30084.5392407563
2023-07-24,29176.9154848326
2023-07-25,29227.390799952
2023-07-26,29354.9728831488
2023-07-27,29210.6892773374
2023-07-28,29319.2454030349
2023-07-29,29356.9185375698
2023-07-30,29275.307946897
2023-07-31,29230.110878649
2023-08-01,29675.7324980608
2023-08-02,29151.9596891331
2023-08-03,29178.678779687
2023-08-04,29074.0917277723
2023-08-05,29042.1261500756
2023-08-06,29041.8561709403
2023-08-07,29180.5789215225
2023-08-08,29765.4926735622
2023-08-09,29561.4945073243
2023-08-10,29429.5924885661
2023-08-11,29397.7154970071
2023-08-12,29415.9645162195
2023-08-13,29282.9143793982
2023-08-14,29408.4425504032
2023-08-15,29170.3472059942
2023-08-16,28701.7795245305
2023-08-17,26664.5499931202
2023-08-18,26049.5569008807
2023-08-19,26096.2045506881
2023-08-20,26189.5846686604
2023-08-21,26124.141253131
2023-08-22,26031.6564794482
2023-08-23,26431.6399826996
2023-08-24,26162.3724949505
2023-08-25,26047.6688510481
2023-08-26,26008.462659668
2023-08-27,26089.6934716635
2023-08-28,26106.1500439649
2023-08-29,27727.3930090424
2023-08-30,27297.2653483206
2023-08-31,25931.4728933574
2023-09-01,25800.7243726077
2023-09-02,25868.7981401932
2023-09-03,25969.5673526316
2023-09-04,25812.4152686728
2023-09-05,25779.9817949848
2023-09-06,25753.2362583108
2023-09-07,26240.19489212
2023-09-08,25905.6537515133
2023-09-09,25895.6782209584
2023-09-10,25832.2262469114
2023-09-11,25162.6552722476
2023-09-12,25833.3430604915
2023-09-13,26228.3240875137
2023-09-14,26539.6744424527
2023-09-15,26608.6933649124
2023-09-16,26568.2812876599
2023-09-17,26534.18751685
2023-09-18,26754.2810377253
2023-09-19,27211.1178197241
2023-09-20,27132.0073401285
2023-09-21,26567.6329044034
2023-09-22,26579.5686371325
2023-09-23,26579.3897405605
2023-09-24,26256.8257867445
2023-09-25,26298.4795511748
2023-09-26,26217.2493357507
2023-09-27,26352.7176189088
2023-09-28,27021.5467647385
2023-09-29,26911.7216027656
2023-09-30,26967.9163010637
2023-10-01,27983.7503817847
2023-10-02,27530.784889745
2023-10-03,27429.9790166632
2023-10-04,27799.3940958796
2023-10-05,27415.9119821677
2023-10-06,27946.5967799289
2023-10-07,27968.8388707898
2023-10-08,27935.0895806612
2023-10-09,27583.6785949548
2023-10-10,27391.0195174366
2023-10-11,26873.3211207589
2023-10-12,26756.7986388286
2023-10-13,26862.3754456225
2023-10-14,26861.7062025597
2023-10-15,27159.6529187802
2023-10-16,28519.466679449
2023-10-17,28415.7481397071
2023-10-18,28328.3411519926
2023-10-19,28719.8061329065
2023-10-20,29682.9492736036
2023-10-21,29918.4116679289
2023-10-22,29993.896524372
2023-10-23,33086.2329685778
2023-10-24,33901.5265633635
2023-10-25,34502.8208915452
2023-10-26,34156.6498283887
2023-10-27,33909.7992843111
2023-10-28,34089.5758722222
2023-10-29,34538.4820881103
2023-10-30,34502.3646632352
2023-10-31,34667.7793605467
2023-11-01,35437.2531810872
2023-11-02,34938.2423951435
2023-11-03,34732.3255842841
2023-11-04,35082.1972208526
2023-11-05,35049.3559240236
2023-11-06,35037.3694407199
2023-11-07,35443.5613607149
2023-11-08,35655.2760812313
2023-11-09,36693.1236338431
2023-11-10,37313.9696874571
2023-11-11,37138.0505408954
2023-11-12,37054.5201429095
2023-11-13,36502.3573373281
2023-11-14,35537.6405155251
2023-11-15,37880.5831724307
2023-11-16,36154.7692413685
2023-11-17,36596.6819231214
2023-11-18,36585.7029298644
2023-11-19,37386.547774872
2023-11-20,37476.9558592879
2023-11-21,35813.8113636295
2023-11-22,37432.3383067227
2023-11-23,37289.6206606291
2023-11-24,37720.2811521398
2023-11-25,37796.792344848
2023-11-26,37479.1222936619
2023-11-27,37254.1688542494
2023-11-28,37831.08686845
2023-11-29,37858.4940548249
2023-11-30,37712.7477716325
2023-12-01,38688.7483611912
2023-12-02,39476.3332803722
2023-12-03,39978.3918165449
2023-12-04,41980.099479768
2023-12-05,44080.6479510633
2023-12-06,43746.4453572592
2023-12-07,43292.664239208
2023-12-08,44166.6006381823
2023-12-09,43725.9858124315
2023-12-10,43779.6972879957
2023-12-11,41243.833314624
2023-12-12,41450.2221904665
2023-12-13,42890.7407335901
2023-12-14,43023.9719741933
2023-12-15,41929.758392901
2023-12-16,42240.1190820501
2023-12-17,41364.665918237
2023-12-18,42623.5383250276
2023-12-19,42270.526139511
2023-12-20,43652.2486680177
2023-12-21,43869.1508569937
2023-12-22,43997.9014099549
2023-12-23,43739.5421372235
2023-12-24,43016.1176211831
2023-12-25,43613.1420846622
2023-12-26,42520.4015112687
2023-12-27,43442.8545582321
2023-12-28,42627.8535313684
2023-12-29,42099.40280858
2023-12-30,42156.9011497639
2023-12-31,42265.185654866
2024-01-01,44167.3302140774
2024-01-02,44957.9700541418
2024-01-03,42848.1756409655
2024-01-04,44179.9217008268
2024-01-05,44162.6916302269
2024-01-06,43989.1940934574
2024-01-07,43943.0972289695
2024-01-08,46970.5023144901
2024-01-09,46139.7303748525
2024-01-10,46627.7791119614
2024-01-11,46368.5853820194
2024-01-12,42853.166658062
2024-01-13,42842.382191236
2024-01-14,41796.2696064245
2024-01-15,42511.9677203311
2024-01-16,43154.9442343824
2024-01-17,42742.6528373141
2024-01-18,41262.0583641846
2024-01-19,41618.4073654042
2024-01-20,41665.5848362109
2024-01-21,41545.7835143902
2024-01-22,39507.368823822
2024-01-23,39845.5511467999
2024-01-24,40077.073269779
2024-01-25,39933.80775217
2024-01-26,41816.8728440034
2024-01-27,42120.0563516849
2024-01-28,42035.5943721701
2024-01-29,43288.2453360835
2024-01-30,42952.6082102489
2024-01-31,42582.6063895367
2024-02-01,43075.7745999369
2024-02-02,43185.8594322356
2024-02-03,42992.2496292216
2024-02-04,42583.5829201294
2024-02-05,42658.66604833
2024-02-06,43084.6718635339
2024-02-07,44318.2244507353
2024-02-08,45301.5666288709
2024-02-09,47147.2003126111
2024-02-10,47771.2773670997
2024-02-11,48293.916750573
2024-02-12,49958.2242190229
2024-02-13,49742.4409898499
2024-02-14,51826.6959960877
2024-02-15,51938.5563164417
2024-02-16,52160.2028290199
2024-02-17,51662.9953696527
2024-02-18,52122.5454555893
2024-02-19,51779.1440620507
2024-02-20,52284.8735570538
2024-02-21,51839.180531431
2024-02-22,51304.9743566764
2024-02-23,50731.9491908572
2024-02-24,51571.1031123439
2024-02-25,51733.2366017007
2024-02-26,54522.4015367874
2024-02-27,57085.3723068546
2024-02-28,62504.7892535158
2024-02-29,61198.382897303
2024-03-01,62440.632541801
2024-03-02,62029.8460575718
2024-03-03,63167.3703575333
2024-03-04,68330.4156080938
2024-03-05,63801.1975606416
2024-03-06,66106.8027872293
2024-03-07,66925.4832022114
2024-03-08,68300.0956913071
2024-03-09,68498.8813040087
2024-03-10,69019.7863638058
2024-03-11,72123.9035465021
2024-03-12,71481.2915939556
2024-03-13,73083.5013282129
2024-03-14,71396.5898919832
2024-03-15,69403.7718321646
2024-03-16,65315.1174741194
2024-03-17,68390.6228032209
2024-03-18,67548.5915664071
2024-03-19,61912.7731524471
2024-03-20,67913.6730250434
2024-03-21,65491.3899253579
2024-03-22,63778.7625575478
2024-03-23,64062.2023270844
2024-03-24,67234.1723529876
2024-03-25,69958.8135820151
2024-03-26,69987.8389025111
2024-03-27,69455.3409809589
2024-03-28,70744.95206404
2024-03-29,69892.8290676804
2024-03-30,69645.3057915427
2024-03-31,71333.6479258644
2024-04-01,69702.1461134383
2024-04-02,65446.9742329379
2024-04-03,65980.8086503925
2024-04-04,68508.8418444563
2024-04-05,67837.6425319939
2024-04-06,68896.1099842787
2024-04-07,69362.5512776015
2024-04-08,71631.3569464587
2024-04-09,69139.0158316976
2024-04-10,70587.8794391434
2024-04-11,70060.607060739
2024-04-12,67195.8641789992
2024-04-13,63821.4738846918
2024-04-14,65738.723886878
2024-04-15,63426.2100184061
2024-04-16,63811.8639407202
2024-04-17,61276.6932586277
2024-04-18,63512.7534949431
2024-04-19,63843.568502442
2024-04-20,64994.4400680992
2024-04-21,64926.643211728
2024-04-22,66837.676090911
2024-04-23,66407.2717994139
2024-04-24,64276.8974153965
2024-04-25,64481.7066444767
2024-04-26,63755.3213316848
2024-04-27,63419.141196433
2024-04-28,63113.2316825626
2024-04-29,63841.1201641904
2024-04-30,60636.8567800147
2024-05-01,58254.0098531432
2024-05-02,59123.432246675
2024-05-03,62889.8367440854
2024-05-04,63891.4729184709
2024-05-05,64031.1328085695
2024-05-06,63161.9502576304
2024-05-07,62334.8183461472
2024-05-08,61187.9414007209
2024-05-09,63049.9592572275
2024-05-10,60792.7767905692
2024-05-11,60793.7095993966
2024-05-12,61448.3946717975
2024-05-13,62901.4474552226
2024-05-14,61552.7901353372
2024-05-15,66267.4914674742
2024-05-16,65231.5803133093
2024-05-17,67051.8749127217
2024-05-18,66940.8044099749
2024-05-19,66278.3700820502
2024-05-20,71448.1951913786
2024-05-21,70136.5314428893
2024-05-22,69122.3390056842
2024-05-23,67929.5630390052
2024-05-24,68526.0977735946
2024-05-25,69265.9427381597
2024-05-26,68518.089965076
2024-05-27,69394.5533738668
2024-05-28,68296.2219884276
2024-05-29,67578.0929202265
2024-05-30,68364.9895474297
2024-05-31,67489.6117770498
2024-06-01,67706.9373135869
2024-06-02,67751.6025754618
2024-06-03,68804.7800851881
2024-06-04,70567.7689044147
2024-06-05,71082.8227040099
2024-06-06,70757.1658518634
2024-06-07,69342.5867361146
2024-06-08,69305.7743187653
2024-06-09,69647.9930028748
2024-06-10,69512.2802780003
2024-06-11,67332.0304641765
2024-06-12,68241.1840753497
2024-06-13,66756.3970935791
2024-06-14,66011.0937273263
2024-06-15,66191.0004703788
2024-06-16,66639.0465356994
2024-06-17,66490.2941752674
2024-06-18,65140.7445894597
2024-06-19,64960.2953009057
2024-06-20,64828.6558115702
2024-06-21,64096.1981877808
2024-06-22,64252.5787467441
2024-06-23,63180.7982064002
2024-06-24,60277.4146563769
2024-06-25,61804.6411680707
2024-06-26,60811.2784501874
2024-06-27,61604.801764073
2024-06-28,60320.1355264783
2024-06-29,60887.3808347422
2024-06-30,62678.292079457
2024-07-01,62851.9800679276
2024-07-02,62029.0168101831
2024-07-03,60173.9235814982
2024-07-04,56977.7014590912
2024-07-05,56662.3732744795
2024-07-06,58303.5385809166
2024-07-07,55849.1106386094
2024-07-08,56705.0984270702
2024-07-09,58009.2263162293
2024-07-10,57742.4946206796
2024-07-11,57344.914785087
2024-07-12,57899.4655171113
2024-07-13,59231.9532405648
2024-07-14,60787.7923701369
2024-07-15,64870.1528151311
2024-07-16,65097.1468308443
2024-07-17,64118.7926694255
2024-07-18,63974.0666841082
2024-07-19,66710.1543130458
2024-07-20,67163.6449237129
2024-07-21,68154.522905866
2024-07-22,67585.2499720905
2024-07-23,65927.6723614031
2024-07-24,65372.1332336736
2024-07-25,65777.2239400202
2024-07-26,67912.06309622
2024-07-27,67813.3394163313
2024-07-28,68255.8657690205
2024-07-29,66819.9161863636
2024-07-30,66201.0162264011
2024-07-31,64619.2496492185
2024-08-01,65357.5015625505
2024-08-02,61415.0645726852
2024-08-03,60680.0946987796
2024-08-04,58116.9769610403
2024-08-05,53991.4577965042
2024-08-06,56034.3165914605
2024-08-07,55027.4606917867
2024-08-08,61710.1375644501
2024-08-09,60880.1122032153
2024-08-10,60945.8131361053
2024-08-11,58719.483169327
2024-08-12,59354.5137212797
2024-08-13,60609.5669845367
2024-08-14,58737.2706270019
2024-08-15,57560.0976318307
2024-08-16,58894.1041602173
2024-08-17,59478.9710471953
2024-08-18,58483.9649819015
2024-08-19,59493.4524821881
2024-08-20,59012.7911526577
2024-08-21,61175.192009918
2024-08-22,60381.9124606776
2024-08-23,64094.3572066269
2024-08-24,64178.9906500623
2024-08-25,64333.5441834656
2024-08-26,62880.6586542698
2024-08-27,59504.1326827134
2024-08-28,59027.6265870301
2024-08-29,59388.1808524122
2024-08-30,59119.4747770124
2024-08-31,58969.8983660431
2024-09-01,57325.4876891906
2024-09-02,59112.4795055389
2024-09-03,57431.0229886572
2024-09-04,57971.5408166853
2024-09-05,56160.4872644568
2024-09-06,53948.7522426374
2024-09-07,54139.6894492297
2024-09-08,54841.5663542288
2024-09-09,57019.5347575706
2024-09-10,57648.7124094767
2024-09-11,57343.1705364168
2024-09-12,58127.010836944
2024-09-13,60571.2991585945
2024-09-14,60005.1191557571
2024-09-15,59182.8353338828
2024-09-16,58192.5068714421
2024-09-17,60308.5375947655
2024-09-18,61649.6787266514
2024-09-19,62940.456765714
2024-09-20,63192.975082876
2024-09-21,63394.838742556
2024-09-22,63648.7098902519
2024-09-23,63329.802386615
2024-09-24,64301.9672659429
2024-09-25,63143.1459738721
2024-09-26,65181.0206972443
2024-09-27,65790.6616497344
2024-09-28,65887.6487821282
2024-09-29,65635.3081461486
2024-09-30,63329.4981294766
2024-10-01,60837.009700736
2024-10-02,60632.7862737945
2024-10-03,60759.4013268768
2024-10-04,62067.4774474519
2024-10-05,62089.9484591443
2024-10-06,62818.9544761374
2024-10-07,62236.6593684009
2024-10-08,62131.9678544148
2024-10-09,60582.1009695389
2024-10-10,60274.4980637861
2024-10-11,62445.0886070974
2024-10-12,63193.0230702875
2024-10-13,62851.3749169602
2024-10-14,66046.1280687548
2024-10-15,67041.1071653338
2024-10-16,67612.7207776042
2024-10-17,67399.8334924398
2024-10-18,68418.7890489052
2024-10-19,68362.7331098485
2024-10-20,69001.7066212849
2024-10-21,67367.8525561409
2024-10-22,67361.4026645272
2024-10-23,66432.1982471759
2024-10-24,68161.053337619
2024-10-25,66642.4107304263
2024-10-26,67014.6977283094
2024-10-27,67929.298795622
2024-10-28,69907.7546738921
2024-10-29,72720.4935748749
2024-10-30,72339.5421808449
2024-10-31,70215.1856325839
2024-11-01,69482.4698507967
2024-11-02,69289.276665623
2024-11-03,68741.1154919735
2024-11-04,67811.5091418451
2024-11-05,69359.5661661779
2024-11-06,75639.0779464884
2024-11-07,75904.8584618969
2024-11-08,76545.4766431325
2024-11-09,76778.8677516165
2024-11-10,80474.185602194
2024-11-11,88701.488084206
2024-11-12,87955.8098216397
2024-11-13,90584.1666733787
2024-11-14,87250.4312745932
2024-11-15,91066.0069552759
2024-11-16,90558.4752358199
2024-11-17,89845.8512088281
2024-11-18,90542.6439962666
2024-11-19,92343.7920549007
2024-11-20,94339.4950270085
2024-11-21,98504.7275898154
2024-11-22,98997.662080436
2024-11-23,97777.279763055
2024-11-24,98013.8209078789
2024-11-25,93102.2952135852
2024-11-26,91985.3168304103
2024-11-27,95962.5284193169
2024-11-28,95652.4651587091
2024-11-29,97461.5237129843
2024-11-30,96449.0558127732
2024-12-01,97279.7929223558
2024-12-02,95865.3016323752
2024-12-03,96002.162144032
2024-12-04,98768.5275553455
2024-12-05,96593.5722722098
2024-12-06,99920.7147303285
2024-12-07,99923.3366192646
2024-12-08,101236.0131403532
2024-12-09,97432.7212603679
2024-12-10,96675.4335399369
2024-12-11,101173.0326451109
2024-12-12,100042.9979150116
2024-12-13,101459.2544012685
2024-12-14,101372.9660786534
2024-12-15,104298.6957979219
2024-12-16,106029.7205860963
2024-12-17,106140.5982384302
2024-12-18,100041.5427029048
2024-12-19,97490.949982775
2024-12-20,97755.9301603751
2024-12-21,97224.7263442974
2024-12-22,95104.9343710597
2024-12-23,94686.2394384325
2024-12-24,98676.0973968281
2024-12-25,99299.1927492124
2024-12-26,95795.5165975983
2024-12-27,94164.8603483526
2024-12-28,95163.9319264048
2024-12-29,93530.2284378695
2024-12-30,92643.2146040146
2024-12-31,93429.2028113992
2025-01-01,94419.7575054903
2025-01-02,96886.8782682304
2025-01-03,98107.4287619937
2025-01-04,98236.2290916657
2025-01-05,98314.9594436372
2025-01-06,102078.0855728765
2025-01-07,96922.7052796726
2025-01-08,95043.5234559406
2025-01-09,92484.0369715298
2025-01-10,94701.4564626687
2025-01-11,94566.5936752458
2025-01-12,94488.4410616268
2025-01-13,94516.5256268428
2025-01-14,96534.0442146476
2025-01-15,100504.493441195
2025-01-16,99756.9090981947
2025-01-17,104462.0426222178
2025-01-18,104408.0673030506
2025-01-19,101089.6064983213
2025-01-20,102016.6622807587
2025-01-21,106146.2630067343
2025-01-22,103653.0692422291
2025-01-23,103960.1716372268
2025-01-24,104819.4844854964
2025-01-25,104714.6453663176
2025-01-26,102682.4970331773
2025-01-27,102087.6913350177
2025-01-28,101332.4762208059
2025-01-29,103703.2111924169
2025-01-30,104735.3028391485
2025-01-31,102405.0270844454
2025-02-01,100655.9056512145
2025-02-02,97688.9793048889
2025-02-03,101405.4230656902
2025-02-04,97871.8178338929
2025-02-05,96615.4445401536
2025-02-06,96593.3003285625
2025-02-07,96529.082494532
2025-02-08,96482.4498744429
2025-02-09,96500.0947902698
2025-02-10,97437.5572620868
2025-02-11,95747.4311295895
2025-02-12,97885.8630551901
2025-02-13,96623.8690084382
2025-02-14,97508.9699033175
2025-02-15,97580.3493821008
2025-02-16,96175.0320402609
2025-02-17,95773.3841866043
2025-02-18,95539.5436031828
2025-02-19,96635.6132123525
2025-02-20,98333.937829345
2025-02-21,96125.5440549653
2025-02-22,96577.7615471497
2025-02-23,96273.9197465574
2025-02-24,91418.1736674415
2025-02-25,88736.1734415255
2025-02-26,84347.019721982
2025-02-27,84704.2245822833
2025-02-28,84373.0103295802
2025-03-01,86031.9123977154
2025-03-02,94248.3505251674
2025-03-03,86065.6683289207
2025-03-04,87222.1922066767
2025-03-05,90623.5618428087
2025-03-06,89961.727243714
2025-03-07,86742.6756244441
2025-03-08,86154.5932099702
2025-03-09,80601.0413114199
2025-03-10,78532.0018084677
2025-03-11,82862.2081809809
2025-03-12,83722.3619517496
2025-03-13,81066.7013691458
2025-03-14,83969.0997189857
2025-03-15,84343.1084583416
2025-03-16,82579.6908921864
2025-03-17,84075.6886968797
2025-03-18,82718.5023176431
2025-03-19,86854.2259604391
2025-03-20,84167.1934043364
2025-03-21,84043.245182099
2025-03-22,83832.4875518333
2025-03-23,86054.3718630108
2025-03-24,87498.9124102767
2025-03-25,87471.7030479404
2025-03-26,86900.8855432885
2025-03-27,87177.1021055135
2025-03-28,84353.1510125816
2025-03-29,82597.5843388613
2025-03-30,82334.5226969202
2025-03-31,82548.9109608694
2025-04-01,85169.1695887702
2025-04-02,82485.7083713044
2025-04-03,83102.8282065402
2025-04-04,83843.8048731047
2025-04-05,83504.8001720546
2025-04-06,78214.4808171041
2025-04-07,79235.333132174
2025-04-08,76271.9501747134
2025-04-09,82573.9511277008
2025-04-10,79626.1414360505
2025-04-11,83404.8398063772
2025-04-12,85287.1132768994
2025-04-13,83684.9790281051
2025-04-14,84542.3912826737
2025-04-15,83668.9893302616
2025-04-16,84033.865416481
2025-04-17,84895.7514392675
2025-04-18,84450.8070773412
2025-04-19,85063.4130568411
